BatteryStateId,DeviceId,MarketDateTime,MarketDateTime_DateInstruction,MarketDateTime_HourOffset,Unit,SampleInterval,Value,ObjectName,ClassName,CreatedDate,CreatedDate_DateInstruction,CreatedDate_HourOffset,CreatedBy
,26,6/20/2000,UTCDate ,0.92,2,1,50,SoC,Engene.Battery.Measurement,6/20/2000,UTCDate,0.92,Simulator
,27,6/20/2000,UTCDate ,0.92,2,1,46,SoC,Engene.Battery.Measurement,6/20/2000,UTCDate,0.92,Simulator
,28,6/20/2000,UTCDate ,0.92,2,1,28,SoC,Engene.Battery.Measurement,6/20/2000,UTCDate,0.92,Simulator
,29,6/20/2000,UTCDate ,0.92,2,1,34,SoC,Engene.Battery.Measurement,6/20/2000,UTCDate,0.92,Simulator
,30,6/20/2000,UTCDate ,0.92,2,1,54,SoC,Engene.Battery.Measurement,6/20/2000,UTCDate,0.92,Simulator
,31,6/20/2000,UTCDate ,0.92,2,1,84,SoC,Engene.Battery.Measurement,6/20/2000,UTCDate,0.92,Simulator
,32,6/20/2000,UTCDate ,0.92,2,1,41,SoC,Engene.Battery.Measurement,6/20/2000,UTCDate,0.92,Simulator
,33,6/20/2000,UTCDate ,0.92,2,1,85,SoC,Engene.Battery.Measurement,6/20/2000,UTCDate,0.92,Simulator
,34,6/20/2000,UTCDate ,0.92,2,1,73,SoC,Engene.Battery.Measurement,6/20/2000,UTCDate,0.92,Simulator
,35,6/20/2000,UTCDate ,0.92,2,1,64,SoC,Engene.Battery.Measurement,6/20/2000,UTCDate,0.92,Simulator
