DevicePowerPriceId,DeviceId,EffectiveDateTime,EffectiveDateTime_DateInstruction,EffectiveDateTime_HourOffset,Unit,Value,ClassName,CreatedDate,CreatedDate_DateInstruction,CreatedDate_HourOffset
,Sub1SpotPrice,6/20/2000,UTCDate ,1,100,28.77,FlexMarket.PowerPrice,6/20/2000,UTCDate,0.92
,Sub1SpotPrice,6/20/2000,UTCDate ,2,100,22.35,FlexMarket.PowerPrice,6/20/2000,UTCDate,0.92
,Sub1SpotPrice,6/20/2000,UTCDate ,3,100,31.28,FlexMarket.PowerPrice,6/20/2000,UTCDate,0.92
,Sub1SpotPrice,6/20/2000,UTCDate ,4,100,27.20,FlexMarket.PowerPrice,6/20/2000,UTCDate,0.92
,Sub1SpotPrice,6/20/2000,UTCDate ,5,100,32.03,FlexMarket.PowerPrice,6/20/2000,UTCDate,0.92
,Sub1SpotPrice,6/20/2000,UTCDate ,6,100,24.30,FlexMarket.PowerPrice,6/20/2000,UTCDate,0.92
,Sub1SpotPrice,6/20/2000,UTCDate ,7,100,29.75,FlexMarket.PowerPrice,6/20/2000,UTCDate,0.92
,Sub1SpotPrice,6/20/2000,UTCDate ,8,100,33.52,FlexMarket.PowerPrice,6/20/2000,UTCDate,0.92
,Sub1SpotPrice,6/20/2000,UTCDate ,9,100,25.43,FlexMarket.PowerPrice,6/20/2000,UTCDate,0.92
,Sub1SpotPrice,6/20/2000,UTCDate ,10,100,27.15,FlexMarket.PowerPrice,6/20/2000,UTCDate,0.92
,Sub1SpotPrice,6/20/2000,UTCDate ,11,100,25.79,FlexMarket.PowerPrice,6/20/2000,UTCDate,0.92
,Sub1SpotPrice,6/20/2000,UTCDate ,12,100,32.38,FlexMarket.PowerPrice,6/20/2000,UTCDate,0.92
,Sub1SpotPrice,6/20/2000,UTCDate ,13,100,36.66,FlexMarket.PowerPrice,6/20/2000,UTCDate,0.92
,Sub1SpotPrice,6/20/2000,UTCDate ,14,100,29.51,FlexMarket.PowerPrice,6/20/2000,UTCDate,0.92
,Sub1SpotPrice,6/20/2000,UTCDate ,15,100,35.35,FlexMarket.PowerPrice,6/20/2000,UTCDate,0.92
,Sub1SpotPrice,6/20/2000,UTCDate ,16,100,39.15,FlexMarket.PowerPrice,6/20/2000,UTCDate,0.92
,Sub1SpotPrice,6/20/2000,UTCDate ,17,100,35.74,FlexMarket.PowerPrice,6/20/2000,UTCDate,0.92
,Sub1SpotPrice,6/20/2000,UTCDate ,18,100,26.44,FlexMarket.PowerPrice,6/20/2000,UTCDate,0.92
,Sub1SpotPrice,6/20/2000,UTCDate ,19,100,25.77,FlexMarket.PowerPrice,6/20/2000,UTCDate,0.92
,Sub1SpotPrice,6/20/2000,UTCDate ,20,100,37.10,FlexMarket.PowerPrice,6/20/2000,UTCDate,0.92
,Sub1SpotPrice,6/20/2000,UTCDate ,21,100,31.94,FlexMarket.PowerPrice,6/20/2000,UTCDate,0.92
,Sub1SpotPrice,6/20/2000,UTCDate ,22,100,27.37,FlexMarket.PowerPrice,6/20/2000,UTCDate,0.92
,Sub1SpotPrice,6/20/2000,UTCDate ,23,100,28.69,FlexMarket.PowerPrice,6/20/2000,UTCDate,0.92
,Sub1SpotPrice,6/20/2000,UTCDate ,24,100,25.84,FlexMarket.PowerPrice,6/20/2000,UTCDate,0.92
,Sub2SpotPrice,6/20/2000,UTCDate ,1,100,-0.80,FlexMarket.PowerPrice,6/20/2000,UTCDate,0.92
,Sub2SpotPrice,6/20/2000,UTCDate ,2,100,-0.38,FlexMarket.PowerPrice,6/20/2000,UTCDate,0.92
,Sub2SpotPrice,6/20/2000,UTCDate ,3,100,1.70,FlexMarket.PowerPrice,6/20/2000,UTCDate,0.92
,Sub2SpotPrice,6/20/2000,UTCDate ,4,100,0.95,FlexMarket.PowerPrice,6/20/2000,UTCDate,0.92
,Sub2SpotPrice,6/20/2000,UTCDate ,5,100,16.50,FlexMarket.PowerPrice,6/20/2000,UTCDate,0.92
,Sub2SpotPrice,6/20/2000,UTCDate ,6,100,9.86,FlexMarket.PowerPrice,6/20/2000,UTCDate,0.92
,Sub2SpotPrice,6/20/2000,UTCDate ,7,100,1.81,FlexMarket.PowerPrice,6/20/2000,UTCDate,0.92
,Sub2SpotPrice,6/20/2000,UTCDate ,8,100,13.67,FlexMarket.PowerPrice,6/20/2000,UTCDate,0.92
,Sub2SpotPrice,6/20/2000,UTCDate ,9,100,1.17,FlexMarket.PowerPrice,6/20/2000,UTCDate,0.92
,Sub2SpotPrice,6/20/2000,UTCDate ,10,100,16.82,FlexMarket.PowerPrice,6/20/2000,UTCDate,0.92
,Sub2SpotPrice,6/20/2000,UTCDate ,11,100,16.73,FlexMarket.PowerPrice,6/20/2000,UTCDate,0.92
,Sub2SpotPrice,6/20/2000,UTCDate ,12,100,14.07,FlexMarket.PowerPrice,6/20/2000,UTCDate,0.92
,Sub2SpotPrice,6/20/2000,UTCDate ,13,100,17.72,FlexMarket.PowerPrice,6/20/2000,UTCDate,0.92
,Sub2SpotPrice,6/20/2000,UTCDate ,14,100,8.26,FlexMarket.PowerPrice,6/20/2000,UTCDate,0.92
,Sub2SpotPrice,6/20/2000,UTCDate ,15,100,1.90,FlexMarket.PowerPrice,6/20/2000,UTCDate,0.92
,Sub2SpotPrice,6/20/2000,UTCDate ,16,100,16.94,FlexMarket.PowerPrice,6/20/2000,UTCDate,0.92
,Sub2SpotPrice,6/20/2000,UTCDate ,17,100,3.93,FlexMarket.PowerPrice,6/20/2000,UTCDate,0.92
,Sub2SpotPrice,6/20/2000,UTCDate ,18,100,9.50,FlexMarket.PowerPrice,6/20/2000,UTCDate,0.92
,Sub2SpotPrice,6/20/2000,UTCDate ,19,100,0.50,FlexMarket.PowerPrice,6/20/2000,UTCDate,0.92
,Sub2SpotPrice,6/20/2000,UTCDate ,20,100,18.76,FlexMarket.PowerPrice,6/20/2000,UTCDate,0.92
,Sub2SpotPrice,6/20/2000,UTCDate ,21,100,2.10,FlexMarket.PowerPrice,6/20/2000,UTCDate,0.92
,Sub2SpotPrice,6/20/2000,UTCDate ,22,100,13.17,FlexMarket.PowerPrice,6/20/2000,UTCDate,0.92
,Sub2SpotPrice,6/20/2000,UTCDate ,23,100,10.40,FlexMarket.PowerPrice,6/20/2000,UTCDate,0.92
,Sub2SpotPrice,6/20/2000,UTCDate ,24,100,13.75,FlexMarket.PowerPrice,6/20/2000,UTCDate,0.92
,Sub3SpotPrice,6/20/2000,UTCDate ,1,100,48.88,FlexMarket.PowerPrice,6/20/2000,UTCDate,0.92
,Sub3SpotPrice,6/20/2000,UTCDate ,2,100,29.38,FlexMarket.PowerPrice,6/20/2000,UTCDate,0.92
,Sub3SpotPrice,6/20/2000,UTCDate ,3,100,71.44,FlexMarket.PowerPrice,6/20/2000,UTCDate,0.92
,Sub3SpotPrice,6/20/2000,UTCDate ,4,100,57.45,FlexMarket.PowerPrice,6/20/2000,UTCDate,0.92
,Sub3SpotPrice,6/20/2000,UTCDate ,5,100,81.26,FlexMarket.PowerPrice,6/20/2000,UTCDate,0.92
,Sub3SpotPrice,6/20/2000,UTCDate ,6,100,41.19,FlexMarket.PowerPrice,6/20/2000,UTCDate,0.92
,Sub3SpotPrice,6/20/2000,UTCDate ,7,100,35.97,FlexMarket.PowerPrice,6/20/2000,UTCDate,0.92
,Sub3SpotPrice,6/20/2000,UTCDate ,8,100,78.83,FlexMarket.PowerPrice,6/20/2000,UTCDate,0.92
,Sub3SpotPrice,6/20/2000,UTCDate ,9,100,90.06,FlexMarket.PowerPrice,6/20/2000,UTCDate,0.92
,Sub3SpotPrice,6/20/2000,UTCDate ,10,100,44.97,FlexMarket.PowerPrice,6/20/2000,UTCDate,0.92
,Sub3SpotPrice,6/20/2000,UTCDate ,11,100,89.28,FlexMarket.PowerPrice,6/20/2000,UTCDate,0.92
,Sub3SpotPrice,6/20/2000,UTCDate ,12,100,79.75,FlexMarket.PowerPrice,6/20/2000,UTCDate,0.92
,Sub3SpotPrice,6/20/2000,UTCDate ,13,100,89.43,FlexMarket.PowerPrice,6/20/2000,UTCDate,0.92
,Sub3SpotPrice,6/20/2000,UTCDate ,14,100,43.98,FlexMarket.PowerPrice,6/20/2000,UTCDate,0.92
,Sub3SpotPrice,6/20/2000,UTCDate ,15,100,95.22,FlexMarket.PowerPrice,6/20/2000,UTCDate,0.92
,Sub3SpotPrice,6/20/2000,UTCDate ,16,100,32.26,FlexMarket.PowerPrice,6/20/2000,UTCDate,0.92
,Sub3SpotPrice,6/20/2000,UTCDate ,17,100,97.80,FlexMarket.PowerPrice,6/20/2000,UTCDate,0.92
,Sub3SpotPrice,6/20/2000,UTCDate ,18,100,45.59,FlexMarket.PowerPrice,6/20/2000,UTCDate,0.92
,Sub3SpotPrice,6/20/2000,UTCDate ,19,100,68.52,FlexMarket.PowerPrice,6/20/2000,UTCDate,0.92
,Sub3SpotPrice,6/20/2000,UTCDate ,20,100,72.02,FlexMarket.PowerPrice,6/20/2000,UTCDate,0.92
,Sub3SpotPrice,6/20/2000,UTCDate ,21,100,59.92,FlexMarket.PowerPrice,6/20/2000,UTCDate,0.92
,Sub3SpotPrice,6/20/2000,UTCDate ,22,100,30.91,FlexMarket.PowerPrice,6/20/2000,UTCDate,0.92
,Sub3SpotPrice,6/20/2000,UTCDate ,23,100,80.37,FlexMarket.PowerPrice,6/20/2000,UTCDate,0.92
,Sub3SpotPrice,6/20/2000,UTCDate ,24,100,52.02,FlexMarket.PowerPrice,6/20/2000,UTCDate,0.92
