DeviceDemandOutputId,DeviceId,EffectiveDateTime,EffectiveDateTime_DateInstruction,EffectiveDateTime_HourOffset,Unit,Value,ClassName,CreatedDate,CreatedDate_DateInstruction,CreatedDate_HourOffset
,Sub1LoadForecast,6/20/2000,UTCDate ,1,0,20.638,FlexMarket.DemandOutput,6/20/2000,UTCDate,0.92
,Sub1LoadForecast,6/20/2000,UTCDate ,2,0,20.529,FlexMarket.DemandOutput,6/20/2000,UTCDate,0.92
,Sub1LoadForecast,6/20/2000,UTCDate ,3,0,21.458,FlexMarket.DemandOutput,6/20/2000,UTCDate,0.92
,Sub1LoadForecast,6/20/2000,UTCDate ,4,0,20.965,FlexMarket.DemandOutput,6/20/2000,UTCDate,0.92
,Sub1LoadForecast,6/20/2000,UTCDate ,5,0,20.805,FlexMarket.DemandOutput,6/20/2000,UTCDate,0.92
,Sub1LoadForecast,6/20/2000,UTCDate ,6,0,22.026,FlexMarket.DemandOutput,6/20/2000,UTCDate,0.92
,Sub1LoadForecast,6/20/2000,UTCDate ,7,0,25.143,FlexMarket.DemandOutput,6/20/2000,UTCDate,0.92
,Sub1LoadForecast,6/20/2000,UTCDate ,8,0,26.821,FlexMarket.DemandOutput,6/20/2000,UTCDate,0.92
,Sub1LoadForecast,6/20/2000,UTCDate ,9,0,25.572,FlexMarket.DemandOutput,6/20/2000,UTCDate,0.92
,Sub1LoadForecast,6/20/2000,UTCDate ,10,0,26.125,FlexMarket.DemandOutput,6/20/2000,UTCDate,0.92
,Sub1LoadForecast,6/20/2000,UTCDate ,11,0,24.372,FlexMarket.DemandOutput,6/20/2000,UTCDate,0.92
,Sub1LoadForecast,6/20/2000,UTCDate ,12,0,23.950,FlexMarket.DemandOutput,6/20/2000,UTCDate,0.92
,Sub1LoadForecast,6/20/2000,UTCDate ,13,0,23.719,FlexMarket.DemandOutput,6/20/2000,UTCDate,0.92
,Sub1LoadForecast,6/20/2000,UTCDate ,14,0,26.638,FlexMarket.DemandOutput,6/20/2000,UTCDate,0.92
,Sub1LoadForecast,6/20/2000,UTCDate ,15,0,26.813,FlexMarket.DemandOutput,6/20/2000,UTCDate,0.92
,Sub1LoadForecast,6/20/2000,UTCDate ,16,0,27.160,FlexMarket.DemandOutput,6/20/2000,UTCDate,0.92
,Sub1LoadForecast,6/20/2000,UTCDate ,17,0,27.233,FlexMarket.DemandOutput,6/20/2000,UTCDate,0.92
,Sub1LoadForecast,6/20/2000,UTCDate ,18,0,28.286,FlexMarket.DemandOutput,6/20/2000,UTCDate,0.92
,Sub1LoadForecast,6/20/2000,UTCDate ,19,0,25.344,FlexMarket.DemandOutput,6/20/2000,UTCDate,0.92
,Sub1LoadForecast,6/20/2000,UTCDate ,20,0,24.580,FlexMarket.DemandOutput,6/20/2000,UTCDate,0.92
,Sub1LoadForecast,6/20/2000,UTCDate ,21,0,22.534,FlexMarket.DemandOutput,6/20/2000,UTCDate,0.92
,Sub1LoadForecast,6/20/2000,UTCDate ,22,0,22.471,FlexMarket.DemandOutput,6/20/2000,UTCDate,0.92
,Sub1LoadForecast,6/20/2000,UTCDate ,23,0,20.542,FlexMarket.DemandOutput,6/20/2000,UTCDate,0.92
,Sub1LoadForecast,6/20/2000,UTCDate ,24,0,21.316,FlexMarket.DemandOutput,6/20/2000,UTCDate,0.92
,Sub2LoadForecast,6/20/2000,UTCDate ,1,0,4.047,FlexMarket.DemandOutput,6/20/2000,UTCDate,0.92
,Sub2LoadForecast,6/20/2000,UTCDate ,2,0,4.185,FlexMarket.DemandOutput,6/20/2000,UTCDate,0.92
,Sub2LoadForecast,6/20/2000,UTCDate ,3,0,4.010,FlexMarket.DemandOutput,6/20/2000,UTCDate,0.92
,Sub2LoadForecast,6/20/2000,UTCDate ,4,0,4.029,FlexMarket.DemandOutput,6/20/2000,UTCDate,0.92
,Sub2LoadForecast,6/20/2000,UTCDate ,5,0,4.203,FlexMarket.DemandOutput,6/20/2000,UTCDate,0.92
,Sub2LoadForecast,6/20/2000,UTCDate ,6,0,4.540,FlexMarket.DemandOutput,6/20/2000,UTCDate,0.92
,Sub2LoadForecast,6/20/2000,UTCDate ,7,0,5.028,FlexMarket.DemandOutput,6/20/2000,UTCDate,0.92
,Sub2LoadForecast,6/20/2000,UTCDate ,8,0,5.163,FlexMarket.DemandOutput,6/20/2000,UTCDate,0.92
,Sub2LoadForecast,6/20/2000,UTCDate ,9,0,5.362,FlexMarket.DemandOutput,6/20/2000,UTCDate,0.92
,Sub2LoadForecast,6/20/2000,UTCDate ,10,0,4.932,FlexMarket.DemandOutput,6/20/2000,UTCDate,0.92
,Sub2LoadForecast,6/20/2000,UTCDate ,11,0,5.116,FlexMarket.DemandOutput,6/20/2000,UTCDate,0.92
,Sub2LoadForecast,6/20/2000,UTCDate ,12,0,5.177,FlexMarket.DemandOutput,6/20/2000,UTCDate,0.92
,Sub2LoadForecast,6/20/2000,UTCDate ,13,0,5.222,FlexMarket.DemandOutput,6/20/2000,UTCDate,0.92
,Sub2LoadForecast,6/20/2000,UTCDate ,14,0,5.134,FlexMarket.DemandOutput,6/20/2000,UTCDate,0.92
,Sub2LoadForecast,6/20/2000,UTCDate ,15,0,4.866,FlexMarket.DemandOutput,6/20/2000,UTCDate,0.92
,Sub2LoadForecast,6/20/2000,UTCDate ,16,0,5.536,FlexMarket.DemandOutput,6/20/2000,UTCDate,0.92
,Sub2LoadForecast,6/20/2000,UTCDate ,17,0,5.288,FlexMarket.DemandOutput,6/20/2000,UTCDate,0.92
,Sub2LoadForecast,6/20/2000,UTCDate ,18,0,5.242,FlexMarket.DemandOutput,6/20/2000,UTCDate,0.92
,Sub2LoadForecast,6/20/2000,UTCDate ,19,0,5.419,FlexMarket.DemandOutput,6/20/2000,UTCDate,0.92
,Sub2LoadForecast,6/20/2000,UTCDate ,20,0,5.408,FlexMarket.DemandOutput,6/20/2000,UTCDate,0.92
,Sub2LoadForecast,6/20/2000,UTCDate ,21,0,4.866,FlexMarket.DemandOutput,6/20/2000,UTCDate,0.92
,Sub2LoadForecast,6/20/2000,UTCDate ,22,0,4.537,FlexMarket.DemandOutput,6/20/2000,UTCDate,0.92
,Sub2LoadForecast,6/20/2000,UTCDate ,23,0,4.481,FlexMarket.DemandOutput,6/20/2000,UTCDate,0.92
,Sub2LoadForecast,6/20/2000,UTCDate ,24,0,4.141,FlexMarket.DemandOutput,6/20/2000,UTCDate,0.92
,Sub3LoadForecast,6/20/2000,UTCDate ,1,0,26.569,FlexMarket.DemandOutput,6/20/2000,UTCDate,0.92
,Sub3LoadForecast,6/20/2000,UTCDate ,2,0,26.687,FlexMarket.DemandOutput,6/20/2000,UTCDate,0.92
,Sub3LoadForecast,6/20/2000,UTCDate ,3,0,27.374,FlexMarket.DemandOutput,6/20/2000,UTCDate,0.92
,Sub3LoadForecast,6/20/2000,UTCDate ,4,0,28.841,FlexMarket.DemandOutput,6/20/2000,UTCDate,0.92
,Sub3LoadForecast,6/20/2000,UTCDate ,5,0,29.231,FlexMarket.DemandOutput,6/20/2000,UTCDate,0.92
,Sub3LoadForecast,6/20/2000,UTCDate ,6,0,29.509,FlexMarket.DemandOutput,6/20/2000,UTCDate,0.92
,Sub3LoadForecast,6/20/2000,UTCDate ,7,0,31.099,FlexMarket.DemandOutput,6/20/2000,UTCDate,0.92
,Sub3LoadForecast,6/20/2000,UTCDate ,8,0,32.585,FlexMarket.DemandOutput,6/20/2000,UTCDate,0.92
,Sub3LoadForecast,6/20/2000,UTCDate ,9,0,33.243,FlexMarket.DemandOutput,6/20/2000,UTCDate,0.92
,Sub3LoadForecast,6/20/2000,UTCDate ,10,0,33.644,FlexMarket.DemandOutput,6/20/2000,UTCDate,0.92
,Sub3LoadForecast,6/20/2000,UTCDate ,11,0,34.507,FlexMarket.DemandOutput,6/20/2000,UTCDate,0.92
,Sub3LoadForecast,6/20/2000,UTCDate ,12,0,33.336,FlexMarket.DemandOutput,6/20/2000,UTCDate,0.92
,Sub3LoadForecast,6/20/2000,UTCDate ,13,0,32.392,FlexMarket.DemandOutput,6/20/2000,UTCDate,0.92
,Sub3LoadForecast,6/20/2000,UTCDate ,14,0,33.054,FlexMarket.DemandOutput,6/20/2000,UTCDate,0.92
,Sub3LoadForecast,6/20/2000,UTCDate ,15,0,35.503,FlexMarket.DemandOutput,6/20/2000,UTCDate,0.92
,Sub3LoadForecast,6/20/2000,UTCDate ,16,0,34.628,FlexMarket.DemandOutput,6/20/2000,UTCDate,0.92
,Sub3LoadForecast,6/20/2000,UTCDate ,17,0,36.091,FlexMarket.DemandOutput,6/20/2000,UTCDate,0.92
,Sub3LoadForecast,6/20/2000,UTCDate ,18,0,36.771,FlexMarket.DemandOutput,6/20/2000,UTCDate,0.92
,Sub3LoadForecast,6/20/2000,UTCDate ,19,0,35.556,FlexMarket.DemandOutput,6/20/2000,UTCDate,0.92
,Sub3LoadForecast,6/20/2000,UTCDate ,20,0,34.510,FlexMarket.DemandOutput,6/20/2000,UTCDate,0.92
,Sub3LoadForecast,6/20/2000,UTCDate ,21,0,30.759,FlexMarket.DemandOutput,6/20/2000,UTCDate,0.92
,Sub3LoadForecast,6/20/2000,UTCDate ,22,0,29.774,FlexMarket.DemandOutput,6/20/2000,UTCDate,0.92
,Sub3LoadForecast,6/20/2000,UTCDate ,23,0,28.052,FlexMarket.DemandOutput,6/20/2000,UTCDate,0.92
,Sub3LoadForecast,6/20/2000,UTCDate ,24,0,28.502,FlexMarket.DemandOutput,6/20/2000,UTCDate,0.92
