LoadStateId,DeviceId,EffectiveDateTime,EffectiveDateTime_DateInstruction,EffectiveDateTime_HourOffset,Unit,Value,ClassName,CreatedDate,CreatedDate_DateInstruction,CreatedDate_HourOffset
,1,6/20/2000,UTCDateTime,-14,0,1,FlexMarket.LoadState,6/20/2000,UTCDate ,0.92
,2,6/20/2000,UTCDateTime,-14,0,1,FlexMarket.LoadState,6/20/2000,UTCDate ,0.92
,3,6/20/2000,UTCDateTime,-14,0,1,FlexMarket.LoadState,6/20/2000,UTCDate ,0.92
,4,6/20/2000,UTCDateTime,-14,0,1,FlexMarket.LoadState,6/20/2000,UTCDate ,0.92
,5,6/20/2000,UTCDateTime,-14,0,1,FlexMarket.LoadState,6/20/2000,UTCDate ,0.92
,6,6/20/2000,UTCDateTime,-14,0,1,FlexMarket.LoadState,6/20/2000,UTCDate ,0.92
,7,6/20/2000,UTCDateTime,-14,0,1,FlexMarket.LoadState,6/20/2000,UTCDate ,0.92
,8,6/20/2000,UTCDateTime,-14,0,1,FlexMarket.LoadState,6/20/2000,UTCDate ,0.92
,9,6/20/2000,UTCDateTime,-14,0,1,FlexMarket.LoadState,6/20/2000,UTCDate ,0.92
,10,6/20/2000,UTCDateTime,-14,0,1,FlexMarket.LoadState,6/20/2000,UTCDate ,0.92
