BatteryStateId,DeviceId,MarketDateTime,MarketDateTime_DateInstruction,MarketDateTime_HourOffset,Unit,SampleInterval,Value,ObjectName,ClassName,CreatedDate,CreatedDate_DateInstruction,CreatedDate_HourOffset,CreatedBy
,26,6/20/2000,UTCDate ,-0.08,2,1,37,SoC,Engene.Battery.Measurement,6/20/2000,UTCDate,-0.08,Simulator
,27,6/20/2000,UTCDate ,-0.08,2,1,68,SoC,Engene.Battery.Measurement,6/20/2000,UTCDate,-0.08,Simulator
,28,6/20/2000,UTCDate ,-0.08,2,1,79,SoC,Engene.Battery.Measurement,6/20/2000,UTCDate,-0.08,Simulator
,29,6/20/2000,UTCDate ,-0.08,2,1,86,SoC,Engene.Battery.Measurement,6/20/2000,UTCDate,-0.08,Simulator
,30,6/20/2000,UTCDate ,-0.08,2,1,27,SoC,Engene.Battery.Measurement,6/20/2000,UTCDate,-0.08,Simulator
,31,6/20/2000,UTCDate ,-0.08,2,1,58,SoC,Engene.Battery.Measurement,6/20/2000,UTCDate,-0.08,Simulator
,32,6/20/2000,UTCDate ,-0.08,2,1,63,SoC,Engene.Battery.Measurement,6/20/2000,UTCDate,-0.08,Simulator
,33,6/20/2000,UTCDate ,-0.08,2,1,34,SoC,Engene.Battery.Measurement,6/20/2000,UTCDate,-0.08,Simulator
,34,6/20/2000,UTCDate ,-0.08,2,1,57,SoC,Engene.Battery.Measurement,6/20/2000,UTCDate,-0.08,Simulator
,35,6/20/2000,UTCDate ,-0.08,2,1,68,SoC,Engene.Battery.Measurement,6/20/2000,UTCDate,-0.08,Simulator
