DevicePowerPriceId,DeviceId,EffectiveDateTime,EffectiveDateTime_DateInstruction,EffectiveDateTime_HourOffset,Unit,Value,ClassName,CreatedDate,CreatedDate_DateInstruction,CreatedDate_HourOffset
,Sub1SpotPrice,6/20/2000,UTCDate ,0,100,28.57,FlexMarket.PowerPrice,6/20/2000,UTCDate,-0.08
,Sub1SpotPrice,6/20/2000,UTCDate ,1,100,30.71,FlexMarket.PowerPrice,6/20/2000,UTCDate,-0.08
,Sub1SpotPrice,6/20/2000,UTCDate ,2,100,23.67,FlexMarket.PowerPrice,6/20/2000,UTCDate,-0.08
,Sub1SpotPrice,6/20/2000,UTCDate ,3,100,23.52,FlexMarket.PowerPrice,6/20/2000,UTCDate,-0.08
,Sub1SpotPrice,6/20/2000,UTCDate ,4,100,20.97,FlexMarket.PowerPrice,6/20/2000,UTCDate,-0.08
,Sub1SpotPrice,6/20/2000,UTCDate ,5,100,23.34,FlexMarket.PowerPrice,6/20/2000,UTCDate,-0.08
,Sub1SpotPrice,6/20/2000,UTCDate ,6,100,28.38,FlexMarket.PowerPrice,6/20/2000,UTCDate,-0.08
,Sub1SpotPrice,6/20/2000,UTCDate ,7,100,28.93,FlexMarket.PowerPrice,6/20/2000,UTCDate,-0.08
,Sub1SpotPrice,6/20/2000,UTCDate ,8,100,34.59,FlexMarket.PowerPrice,6/20/2000,UTCDate,-0.08
,Sub1SpotPrice,6/20/2000,UTCDate ,9,100,32.22,FlexMarket.PowerPrice,6/20/2000,UTCDate,-0.08
,Sub1SpotPrice,6/20/2000,UTCDate ,10,100,26.66,FlexMarket.PowerPrice,6/20/2000,UTCDate,-0.08
,Sub1SpotPrice,6/20/2000,UTCDate ,11,100,33.57,FlexMarket.PowerPrice,6/20/2000,UTCDate,-0.08
,Sub1SpotPrice,6/20/2000,UTCDate ,12,100,30.94,FlexMarket.PowerPrice,6/20/2000,UTCDate,-0.08
,Sub1SpotPrice,6/20/2000,UTCDate ,13,100,36.30,FlexMarket.PowerPrice,6/20/2000,UTCDate,-0.08
,Sub1SpotPrice,6/20/2000,UTCDate ,14,100,36.06,FlexMarket.PowerPrice,6/20/2000,UTCDate,-0.08
,Sub1SpotPrice,6/20/2000,UTCDate ,15,100,26.75,FlexMarket.PowerPrice,6/20/2000,UTCDate,-0.08
,Sub1SpotPrice,6/20/2000,UTCDate ,16,100,40.50,FlexMarket.PowerPrice,6/20/2000,UTCDate,-0.08
,Sub1SpotPrice,6/20/2000,UTCDate ,17,100,32.31,FlexMarket.PowerPrice,6/20/2000,UTCDate,-0.08
,Sub1SpotPrice,6/20/2000,UTCDate ,18,100,28.48,FlexMarket.PowerPrice,6/20/2000,UTCDate,-0.08
,Sub1SpotPrice,6/20/2000,UTCDate ,19,100,33.77,FlexMarket.PowerPrice,6/20/2000,UTCDate,-0.08
,Sub1SpotPrice,6/20/2000,UTCDate ,20,100,27.94,FlexMarket.PowerPrice,6/20/2000,UTCDate,-0.08
,Sub1SpotPrice,6/20/2000,UTCDate ,21,100,31.64,FlexMarket.PowerPrice,6/20/2000,UTCDate,-0.08
,Sub1SpotPrice,6/20/2000,UTCDate ,22,100,26.35,FlexMarket.PowerPrice,6/20/2000,UTCDate,-0.08
,Sub1SpotPrice,6/20/2000,UTCDate ,23,100,20.80,FlexMarket.PowerPrice,6/20/2000,UTCDate,-0.08
,Sub2SpotPrice,6/20/2000,UTCDate ,0,100,-0.04,FlexMarket.PowerPrice,6/20/2000,UTCDate,-0.08
,Sub2SpotPrice,6/20/2000,UTCDate ,1,100,-0.56,FlexMarket.PowerPrice,6/20/2000,UTCDate,-0.08
,Sub2SpotPrice,6/20/2000,UTCDate ,2,100,0.81,FlexMarket.PowerPrice,6/20/2000,UTCDate,-0.08
,Sub2SpotPrice,6/20/2000,UTCDate ,3,100,5.36,FlexMarket.PowerPrice,6/20/2000,UTCDate,-0.08
,Sub2SpotPrice,6/20/2000,UTCDate ,4,100,12.20,FlexMarket.PowerPrice,6/20/2000,UTCDate,-0.08
,Sub2SpotPrice,6/20/2000,UTCDate ,5,100,14.05,FlexMarket.PowerPrice,6/20/2000,UTCDate,-0.08
,Sub2SpotPrice,6/20/2000,UTCDate ,6,100,11.64,FlexMarket.PowerPrice,6/20/2000,UTCDate,-0.08
,Sub2SpotPrice,6/20/2000,UTCDate ,7,100,15.02,FlexMarket.PowerPrice,6/20/2000,UTCDate,-0.08
,Sub2SpotPrice,6/20/2000,UTCDate ,8,100,4.34,FlexMarket.PowerPrice,6/20/2000,UTCDate,-0.08
,Sub2SpotPrice,6/20/2000,UTCDate ,9,100,16.98,FlexMarket.PowerPrice,6/20/2000,UTCDate,-0.08
,Sub2SpotPrice,6/20/2000,UTCDate ,10,100,14.23,FlexMarket.PowerPrice,6/20/2000,UTCDate,-0.08
,Sub2SpotPrice,6/20/2000,UTCDate ,11,100,12.73,FlexMarket.PowerPrice,6/20/2000,UTCDate,-0.08
,Sub2SpotPrice,6/20/2000,UTCDate ,12,100,7.47,FlexMarket.PowerPrice,6/20/2000,UTCDate,-0.08
,Sub2SpotPrice,6/20/2000,UTCDate ,13,100,6.49,FlexMarket.PowerPrice,6/20/2000,UTCDate,-0.08
,Sub2SpotPrice,6/20/2000,UTCDate ,14,100,14.54,FlexMarket.PowerPrice,6/20/2000,UTCDate,-0.08
,Sub2SpotPrice,6/20/2000,UTCDate ,15,100,4.09,FlexMarket.PowerPrice,6/20/2000,UTCDate,-0.08
,Sub2SpotPrice,6/20/2000,UTCDate ,16,100,4.72,FlexMarket.PowerPrice,6/20/2000,UTCDate,-0.08
,Sub2SpotPrice,6/20/2000,UTCDate ,17,100,10.40,FlexMarket.PowerPrice,6/20/2000,UTCDate,-0.08
,Sub2SpotPrice,6/20/2000,UTCDate ,18,100,11.01,FlexMarket.PowerPrice,6/20/2000,UTCDate,-0.08
,Sub2SpotPrice,6/20/2000,UTCDate ,19,100,15.70,FlexMarket.PowerPrice,6/20/2000,UTCDate,-0.08
,Sub2SpotPrice,6/20/2000,UTCDate ,20,100,3.45,FlexMarket.PowerPrice,6/20/2000,UTCDate,-0.08
,Sub2SpotPrice,6/20/2000,UTCDate ,21,100,16.32,FlexMarket.PowerPrice,6/20/2000,UTCDate,-0.08
,Sub2SpotPrice,6/20/2000,UTCDate ,22,100,5.76,FlexMarket.PowerPrice,6/20/2000,UTCDate,-0.08
,Sub2SpotPrice,6/20/2000,UTCDate ,23,100,16.13,FlexMarket.PowerPrice,6/20/2000,UTCDate,-0.08
,Sub3SpotPrice,6/20/2000,UTCDate ,0,100,26.87,FlexMarket.PowerPrice,6/20/2000,UTCDate,-0.08
,Sub3SpotPrice,6/20/2000,UTCDate ,1,100,45.27,FlexMarket.PowerPrice,6/20/2000,UTCDate,-0.08
,Sub3SpotPrice,6/20/2000,UTCDate ,2,100,67.25,FlexMarket.PowerPrice,6/20/2000,UTCDate,-0.08
,Sub3SpotPrice,6/20/2000,UTCDate ,3,100,57.15,FlexMarket.PowerPrice,6/20/2000,UTCDate,-0.08
,Sub3SpotPrice,6/20/2000,UTCDate ,4,100,51.81,FlexMarket.PowerPrice,6/20/2000,UTCDate,-0.08
,Sub3SpotPrice,6/20/2000,UTCDate ,5,100,76.70,FlexMarket.PowerPrice,6/20/2000,UTCDate,-0.08
,Sub3SpotPrice,6/20/2000,UTCDate ,6,100,64.91,FlexMarket.PowerPrice,6/20/2000,UTCDate,-0.08
,Sub3SpotPrice,6/20/2000,UTCDate ,7,100,90.41,FlexMarket.PowerPrice,6/20/2000,UTCDate,-0.08
,Sub3SpotPrice,6/20/2000,UTCDate ,8,100,52.90,FlexMarket.PowerPrice,6/20/2000,UTCDate,-0.08
,Sub3SpotPrice,6/20/2000,UTCDate ,9,100,91.19,FlexMarket.PowerPrice,6/20/2000,UTCDate,-0.08
,Sub3SpotPrice,6/20/2000,UTCDate ,10,100,47.61,FlexMarket.PowerPrice,6/20/2000,UTCDate,-0.08
,Sub3SpotPrice,6/20/2000,UTCDate ,11,100,78.47,FlexMarket.PowerPrice,6/20/2000,UTCDate,-0.08
,Sub3SpotPrice,6/20/2000,UTCDate ,12,100,70.44,FlexMarket.PowerPrice,6/20/2000,UTCDate,-0.08
,Sub3SpotPrice,6/20/2000,UTCDate ,13,100,32.63,FlexMarket.PowerPrice,6/20/2000,UTCDate,-0.08
,Sub3SpotPrice,6/20/2000,UTCDate ,14,100,81.07,FlexMarket.PowerPrice,6/20/2000,UTCDate,-0.08
,Sub3SpotPrice,6/20/2000,UTCDate ,15,100,42.60,FlexMarket.PowerPrice,6/20/2000,UTCDate,-0.08
,Sub3SpotPrice,6/20/2000,UTCDate ,16,100,61.59,FlexMarket.PowerPrice,6/20/2000,UTCDate,-0.08
,Sub3SpotPrice,6/20/2000,UTCDate ,17,100,56.64,FlexMarket.PowerPrice,6/20/2000,UTCDate,-0.08
,Sub3SpotPrice,6/20/2000,UTCDate ,18,100,83.04,FlexMarket.PowerPrice,6/20/2000,UTCDate,-0.08
,Sub3SpotPrice,6/20/2000,UTCDate ,19,100,58.96,FlexMarket.PowerPrice,6/20/2000,UTCDate,-0.08
,Sub3SpotPrice,6/20/2000,UTCDate ,20,100,64.86,FlexMarket.PowerPrice,6/20/2000,UTCDate,-0.08
,Sub3SpotPrice,6/20/2000,UTCDate ,21,100,94.73,FlexMarket.PowerPrice,6/20/2000,UTCDate,-0.08
,Sub3SpotPrice,6/20/2000,UTCDate ,22,100,30.82,FlexMarket.PowerPrice,6/20/2000,UTCDate,-0.08
,Sub3SpotPrice,6/20/2000,UTCDate ,23,100,76.92,FlexMarket.PowerPrice,6/20/2000,UTCDate,-0.08
