DeviceDemandOutputId,DeviceId,EffectiveDateTime,EffectiveDateTime_DateInstruction,EffectiveDateTime_HourOffset,Unit,Value,ClassName,CreatedDate,CreatedDate_DateInstruction,CreatedDate_HourOffset
,Sub1LoadForecast,6/20/2000,UTCDate ,0,0,21.316,FlexMarket.DemandOutput,6/20/2000,UTCDate,-0.08
,Sub1LoadForecast,6/20/2000,UTCDate ,1,0,20.037,FlexMarket.DemandOutput,6/20/2000,UTCDate,-0.08
,Sub1LoadForecast,6/20/2000,UTCDate ,2,0,20.330,FlexMarket.DemandOutput,6/20/2000,UTCDate,-0.08
,Sub1LoadForecast,6/20/2000,UTCDate ,3,0,21.057,FlexMarket.DemandOutput,6/20/2000,UTCDate,-0.08
,Sub1LoadForecast,6/20/2000,UTCDate ,4,0,22.186,FlexMarket.DemandOutput,6/20/2000,UTCDate,-0.08
,Sub1LoadForecast,6/20/2000,UTCDate ,5,0,21.435,FlexMarket.DemandOutput,6/20/2000,UTCDate,-0.08
,Sub1LoadForecast,6/20/2000,UTCDate ,6,0,24.723,FlexMarket.DemandOutput,6/20/2000,UTCDate,-0.08
,Sub1LoadForecast,6/20/2000,UTCDate ,7,0,24.411,FlexMarket.DemandOutput,6/20/2000,UTCDate,-0.08
,Sub1LoadForecast,6/20/2000,UTCDate ,8,0,27.322,FlexMarket.DemandOutput,6/20/2000,UTCDate,-0.08
,Sub1LoadForecast,6/20/2000,UTCDate ,9,0,27.310,FlexMarket.DemandOutput,6/20/2000,UTCDate,-0.08
,Sub1LoadForecast,6/20/2000,UTCDate ,10,0,25.637,FlexMarket.DemandOutput,6/20/2000,UTCDate,-0.08
,Sub1LoadForecast,6/20/2000,UTCDate ,11,0,25.096,FlexMarket.DemandOutput,6/20/2000,UTCDate,-0.08
,Sub1LoadForecast,6/20/2000,UTCDate ,12,0,24.192,FlexMarket.DemandOutput,6/20/2000,UTCDate,-0.08
,Sub1LoadForecast,6/20/2000,UTCDate ,13,0,24.917,FlexMarket.DemandOutput,6/20/2000,UTCDate,-0.08
,Sub1LoadForecast,6/20/2000,UTCDate ,14,0,26.395,FlexMarket.DemandOutput,6/20/2000,UTCDate,-0.08
,Sub1LoadForecast,6/20/2000,UTCDate ,15,0,26.813,FlexMarket.DemandOutput,6/20/2000,UTCDate,-0.08
,Sub1LoadForecast,6/20/2000,UTCDate ,16,0,28.465,FlexMarket.DemandOutput,6/20/2000,UTCDate,-0.08
,Sub1LoadForecast,6/20/2000,UTCDate ,17,0,28.291,FlexMarket.DemandOutput,6/20/2000,UTCDate,-0.08
,Sub1LoadForecast,6/20/2000,UTCDate ,18,0,28.286,FlexMarket.DemandOutput,6/20/2000,UTCDate,-0.08
,Sub1LoadForecast,6/20/2000,UTCDate ,19,0,26.599,FlexMarket.DemandOutput,6/20/2000,UTCDate,-0.08
,Sub1LoadForecast,6/20/2000,UTCDate ,20,0,25.809,FlexMarket.DemandOutput,6/20/2000,UTCDate,-0.08
,Sub1LoadForecast,6/20/2000,UTCDate ,21,0,24.562,FlexMarket.DemandOutput,6/20/2000,UTCDate,-0.08
,Sub1LoadForecast,6/20/2000,UTCDate ,22,0,22.687,FlexMarket.DemandOutput,6/20/2000,UTCDate,-0.08
,Sub1LoadForecast,6/20/2000,UTCDate ,23,0,22.201,FlexMarket.DemandOutput,6/20/2000,UTCDate,-0.08
,Sub2LoadForecast,6/20/2000,UTCDate ,0,0,4.425,FlexMarket.DemandOutput,6/20/2000,UTCDate,-0.08
,Sub2LoadForecast,6/20/2000,UTCDate ,1,0,3.967,FlexMarket.DemandOutput,6/20/2000,UTCDate,-0.08
,Sub2LoadForecast,6/20/2000,UTCDate ,2,0,3.986,FlexMarket.DemandOutput,6/20/2000,UTCDate,-0.08
,Sub2LoadForecast,6/20/2000,UTCDate ,3,0,4.411,FlexMarket.DemandOutput,6/20/2000,UTCDate,-0.08
,Sub2LoadForecast,6/20/2000,UTCDate ,4,0,4.436,FlexMarket.DemandOutput,6/20/2000,UTCDate,-0.08
,Sub2LoadForecast,6/20/2000,UTCDate ,5,0,4.287,FlexMarket.DemandOutput,6/20/2000,UTCDate,-0.08
,Sub2LoadForecast,6/20/2000,UTCDate ,6,0,4.495,FlexMarket.DemandOutput,6/20/2000,UTCDate,-0.08
,Sub2LoadForecast,6/20/2000,UTCDate ,7,0,5.028,FlexMarket.DemandOutput,6/20/2000,UTCDate,-0.08
,Sub2LoadForecast,6/20/2000,UTCDate ,8,0,5.063,FlexMarket.DemandOutput,6/20/2000,UTCDate,-0.08
,Sub2LoadForecast,6/20/2000,UTCDate ,9,0,5.412,FlexMarket.DemandOutput,6/20/2000,UTCDate,-0.08
,Sub2LoadForecast,6/20/2000,UTCDate ,10,0,5.127,FlexMarket.DemandOutput,6/20/2000,UTCDate,-0.08
,Sub2LoadForecast,6/20/2000,UTCDate ,11,0,5.212,FlexMarket.DemandOutput,6/20/2000,UTCDate,-0.08
,Sub2LoadForecast,6/20/2000,UTCDate ,12,0,5.273,FlexMarket.DemandOutput,6/20/2000,UTCDate,-0.08
,Sub2LoadForecast,6/20/2000,UTCDate ,13,0,5.174,FlexMarket.DemandOutput,6/20/2000,UTCDate,-0.08
,Sub2LoadForecast,6/20/2000,UTCDate ,14,0,5.085,FlexMarket.DemandOutput,6/20/2000,UTCDate,-0.08
,Sub2LoadForecast,6/20/2000,UTCDate ,15,0,5.114,FlexMarket.DemandOutput,6/20/2000,UTCDate,-0.08
,Sub2LoadForecast,6/20/2000,UTCDate ,16,0,5.641,FlexMarket.DemandOutput,6/20/2000,UTCDate,-0.08
,Sub2LoadForecast,6/20/2000,UTCDate ,17,0,5.552,FlexMarket.DemandOutput,6/20/2000,UTCDate,-0.08
,Sub2LoadForecast,6/20/2000,UTCDate ,18,0,5.657,FlexMarket.DemandOutput,6/20/2000,UTCDate,-0.08
,Sub2LoadForecast,6/20/2000,UTCDate ,19,0,5.520,FlexMarket.DemandOutput,6/20/2000,UTCDate,-0.08
,Sub2LoadForecast,6/20/2000,UTCDate ,20,0,4.867,FlexMarket.DemandOutput,6/20/2000,UTCDate,-0.08
,Sub2LoadForecast,6/20/2000,UTCDate ,21,0,4.821,FlexMarket.DemandOutput,6/20/2000,UTCDate,-0.08
,Sub2LoadForecast,6/20/2000,UTCDate ,22,0,4.407,FlexMarket.DemandOutput,6/20/2000,UTCDate,-0.08
,Sub2LoadForecast,6/20/2000,UTCDate ,23,0,4.315,FlexMarket.DemandOutput,6/20/2000,UTCDate,-0.08
,Sub3LoadForecast,6/20/2000,UTCDate ,0,0,28.502,FlexMarket.DemandOutput,6/20/2000,UTCDate,-0.08
,Sub3LoadForecast,6/20/2000,UTCDate ,1,0,27.090,FlexMarket.DemandOutput,6/20/2000,UTCDate,-0.08
,Sub3LoadForecast,6/20/2000,UTCDate ,2,0,28.501,FlexMarket.DemandOutput,6/20/2000,UTCDate,-0.08
,Sub3LoadForecast,6/20/2000,UTCDate ,3,0,25.809,FlexMarket.DemandOutput,6/20/2000,UTCDate,-0.08
,Sub3LoadForecast,6/20/2000,UTCDate ,4,0,27.254,FlexMarket.DemandOutput,6/20/2000,UTCDate,-0.08
,Sub3LoadForecast,6/20/2000,UTCDate ,5,0,26.773,FlexMarket.DemandOutput,6/20/2000,UTCDate,-0.08
,Sub3LoadForecast,6/20/2000,UTCDate ,6,0,31.554,FlexMarket.DemandOutput,6/20/2000,UTCDate,-0.08
,Sub3LoadForecast,6/20/2000,UTCDate ,7,0,31.734,FlexMarket.DemandOutput,6/20/2000,UTCDate,-0.08
,Sub3LoadForecast,6/20/2000,UTCDate ,8,0,35.844,FlexMarket.DemandOutput,6/20/2000,UTCDate,-0.08
,Sub3LoadForecast,6/20/2000,UTCDate ,9,0,31.952,FlexMarket.DemandOutput,6/20/2000,UTCDate,-0.08
,Sub3LoadForecast,6/20/2000,UTCDate ,10,0,33.327,FlexMarket.DemandOutput,6/20/2000,UTCDate,-0.08
,Sub3LoadForecast,6/20/2000,UTCDate ,11,0,33.566,FlexMarket.DemandOutput,6/20/2000,UTCDate,-0.08
,Sub3LoadForecast,6/20/2000,UTCDate ,12,0,32.078,FlexMarket.DemandOutput,6/20/2000,UTCDate,-0.08
,Sub3LoadForecast,6/20/2000,UTCDate ,13,0,33.326,FlexMarket.DemandOutput,6/20/2000,UTCDate,-0.08
,Sub3LoadForecast,6/20/2000,UTCDate ,14,0,31.480,FlexMarket.DemandOutput,6/20/2000,UTCDate,-0.08
,Sub3LoadForecast,6/20/2000,UTCDate ,15,0,33.243,FlexMarket.DemandOutput,6/20/2000,UTCDate,-0.08
,Sub3LoadForecast,6/20/2000,UTCDate ,16,0,33.270,FlexMarket.DemandOutput,6/20/2000,UTCDate,-0.08
,Sub3LoadForecast,6/20/2000,UTCDate ,17,0,35.059,FlexMarket.DemandOutput,6/20/2000,UTCDate,-0.08
,Sub3LoadForecast,6/20/2000,UTCDate ,18,0,34.072,FlexMarket.DemandOutput,6/20/2000,UTCDate,-0.08
,Sub3LoadForecast,6/20/2000,UTCDate ,19,0,31.968,FlexMarket.DemandOutput,6/20/2000,UTCDate,-0.08
,Sub3LoadForecast,6/20/2000,UTCDate ,20,0,34.510,FlexMarket.DemandOutput,6/20/2000,UTCDate,-0.08
,Sub3LoadForecast,6/20/2000,UTCDate ,21,0,31.345,FlexMarket.DemandOutput,6/20/2000,UTCDate,-0.08
,Sub3LoadForecast,6/20/2000,UTCDate ,22,0,29.213,FlexMarket.DemandOutput,6/20/2000,UTCDate,-0.08
,Sub3LoadForecast,6/20/2000,UTCDate ,23,0,27.512,FlexMarket.DemandOutput,6/20/2000,UTCDate,-0.08
