LoadStateId,DeviceId,EffectiveDateTime,EffectiveDateTime_DateInstruction,EffectiveDateTime_HourOffset,Unit,Value,ClassName,CreatedDate,CreatedDate_DateInstruction,CreatedDate_HourOffset
,1,6/20/2000,UTCDateTime,-14,0,1,FlexMarket.LoadState,6/20/2000,UTCDate ,-0.08
,2,6/20/2000,UTCDateTime,-14,0,1,FlexMarket.LoadState,6/20/2000,UTCDate ,-0.08
,3,6/20/2000,UTCDateTime,-14,0,1,FlexMarket.LoadState,6/20/2000,UTCDate ,-0.08
,4,6/20/2000,UTCDateTime,-14,0,1,FlexMarket.LoadState,6/20/2000,UTCDate ,-0.08
,5,6/20/2000,UTCDateTime,-14,0,1,FlexMarket.LoadState,6/20/2000,UTCDate ,-0.08
,6,6/20/2000,UTCDateTime,-14,0,1,FlexMarket.LoadState,6/20/2000,UTCDate ,-0.08
,7,6/20/2000,UTCDateTime,-14,0,1,FlexMarket.LoadState,6/20/2000,UTCDate ,-0.08
,8,6/20/2000,UTCDateTime,-14,0,1,FlexMarket.LoadState,6/20/2000,UTCDate ,-0.08
,9,6/20/2000,UTCDateTime,-14,0,1,FlexMarket.LoadState,6/20/2000,UTCDate ,-0.08
,10,6/20/2000,UTCDateTime,-14,0,1,FlexMarket.LoadState,6/20/2000,UTCDate ,-0.08
