ResourceProfileId,TenantId,ResourceType,RowKey,UpTimeMax,DayUpTimeMax,DownTimeMin,PowerMin,PowerMax,RampUpMax,RampDownMax,SocMin,SocMax,ChargeRateMin,ChargeRateMax,DischargeRateMin,DischargeRateMax,Price,Latitude,Longitude,AutoDispatch,DisplayName,Efficiency,ChargePrice,Enabled,MeterId
1,Tenant1,Demand Response,DR_Sub1_1,1,1,1,0,0,0,0,0,0,0,0,0,0,0,0,0,1,DR_Sub1_1,0,0,1,1
2,Tenant1,Demand Response,DR_Sub1_2,2,4,1,0,0,0,0,0,0,0,0,0,0,0,0,0,1,DR_Sub1_2,0,0,1,1
3,Tenant1,Demand Response,DR_Sub1_3,1,2,5,0,0,0,0,0,0,0,0,0,0,0,0,0,1,DR_Sub1_3,0,0,1,1
4,Tenant1,Demand Response,DR_Sub1_4,3,4,4,0,0,0,0,0,0,0,0,0,0,0,0,0,1,DR_Sub1_4,0,0,1,1
5,Tenant1,Demand Response,DR_Sub1_5,1,2,5,0,0,0,0,0,0,0,0,0,0,0,0,0,1,DR_Sub1_5,0,0,1,1
6,Tenant1,Demand Response,DR_Sub1_6,3,1,2,0,0,0,0,0,0,0,0,0,0,0,0,0,1,DR_Sub1_6,0,0,1,1
7,Tenant1,Demand Response,DR_Sub1_7,3,1,2,0,0,0,0,0,0,0,0,0,0,0,0,0,1,DR_Sub1_7,0,0,1,1
8,Tenant1,Demand Response,DR_Sub1_8,3,4,4,0,0,0,0,0,0,0,0,0,0,0,0,0,1,DR_Sub1_8,0,0,1,1
9,Tenant1,Demand Response,DR_Sub1_9,4,4,24,0,0,0,0,0,0,0,0,0,0,0,0,0,1,DR_Sub1_9,0,0,1,1
10,Tenant1,Demand Response,DR_Sub1_10,3,4,10,0,0,0,0,0,0,0,0,0,0,0,0,0,1,DR_Sub1_10,0,0,1,1
11,Tenant1,Demand Response,DR_Sub1_11,3,4,4,0,0,0,0,0,0,0,0,0,0,0,0,0,1,DR_Sub1_11,0,0,1,1
12,Tenant1,Demand Response,DR_Sub1_12,3,10,2,0,0,0,0,0,0,0,0,0,0,0,0,0,1,DR_Sub1_12,0,0,1,1
13,Tenant1,Demand Response,DR_Sub1_13,3,10,2,0,0,0,0,0,0,0,0,0,0,0,0,0,1,DR_Sub1_13,0,0,1,1
14,Tenant1,Demand Response,DR_Sub1_14,3,5,4,0,0,0,0,0,0,0,0,0,0,0,0,0,1,DR_Sub1_14,0,0,1,1
15,Tenant1,Demand Response,DR_Sub1_15,3,4,4,0,0,0,0,0,0,0,0,0,0,0,0,0,1,DR_Sub1_15,0,0,1,1
16,Tenant1,Self Scheduled Generators,SSGen_Sub1_16,0,0,0,0,0,0,0,0,0,0,0,0,0,1500,0,0,1,SSGen_Sub1_16,0,0,1,1
17,Tenant1,Self Scheduled Generators,SSGen_Sub1_17,0,0,0,0,0,0,0,0,0,0,0,0,0,1500,0,0,1,SSGen_Sub1_17,0,0,1,1
18,Tenant1,Self Scheduled Generators,SSGen_Sub1_18,0,0,0,0,0,0,0,0,0,0,0,0,0,1500,0,0,1,SSGen_Sub1_18,0,0,1,1
19,Tenant1,Self Scheduled Generators,SSGen_Sub1_19,0,0,0,0,0,0,0,0,0,0,0,0,0,1500,0,0,1,SSGen_Sub1_19,0,0,1,1
20,Tenant1,Self Scheduled Generators,SSGen_Sub1_20,0,0,0,0,0,0,0,0,0,0,0,0,0,1500,0,0,1,SSGen_Sub1_20,0,0,1,1
21,Tenant1,Self Scheduled Generators,SSGen_Sub1_21,0,0,0,0,0,0,0,0,0,0,0,0,0,1500,0,0,1,SSGen_Sub1_21,0,0,1,1
22,Tenant1,Self Scheduled Generators,SSGen_Sub1_22,0,0,0,0,0,0,0,0,0,0,0,0,0,1500,0,0,1,SSGen_Sub1_22,0,0,1,1
23,Tenant1,Self Scheduled Generators,SSGen_Sub1_23,0,0,0,0,0,0,0,0,0,0,0,0,0,1500,0,0,1,SSGen_Sub1_23,0,0,1,1
24,Tenant1,Self Scheduled Generators,SSGen_Sub1_24,0,0,0,0,0,0,0,0,0,0,0,0,0,1500,0,0,1,SSGen_Sub1_24,0,0,1,1
25,Tenant1,Self Scheduled Generators,SSGen_Sub1_25,0,0,0,0,0,0,0,0,0,0,0,0,0,1500,0,0,1,SSGen_Sub1_25,0,0,1,1
26,Tenant1,Batteries,Batt_Sub1_26,0,0,0,0,0,0,0,0,0.025,0,0.025,0,0.025,23.79,0,0,1,Batt_Sub1_26,0.72,23.79,1,1
27,Tenant1,Batteries,Batt_Sub1_27,0,0,0,0,0,0,0,0,0.25,0,0.25,0,0.25,23.79,0,0,1,Batt_Sub1_27,0.72,23.79,1,1
28,Tenant1,Batteries,Batt_Sub1_28,0,0,0,0,0,0,0,0,0.025,0,0.025,0,0.025,29.38,0,0,1,Batt_Sub1_28,0.8,29.38,1,1
29,Tenant1,Batteries,Batt_Sub1_29,0,0,0,0,0,0,0,0,0.5,0,0.5,0,0.5,22.16,0,0,1,Batt_Sub1_29,0.73,26.81,1,1
30,Tenant1,Batteries,Batt_Sub1_30,0,0,0,0,0,0,0,0,0.025,0,0.025,0,0.025,19.58,0,0,1,Batt_Sub1_30,0.76,28.2,1,1
31,Tenant1,Batteries,Batt_Sub1_31,0,0,0,0,0,0,0,0,0.25,0,0.25,0,0.25,27.79,0,0,1,Batt_Sub1_31,0.72,46.96,1,1
32,Tenant1,Batteries,Batt_Sub1_32,0,0,0,0,0,0,0,0,0.25,0,0.25,0,0.25,28.75,0,0,1,Batt_Sub1_32,0.76,56.35,1,1
33,Tenant1,Batteries,Batt_Sub1_33,0,0,0,0,0,0,0,0,0.1,0,0.1,0,0.1,17.04,0,0,1,Batt_Sub1_33,0.73,38.34,1,1
34,Tenant1,Batteries,Batt_Sub1_34,0,0,0,0,0,0,0,0,0.125,0,0.125,0,0.125,14.86,0,0,1,Batt_Sub1_34,0.77,38.06,1,1
35,Tenant1,Batteries,Batt_Sub1_35,0,0,0,0,0,0,0,0,0.1,0,0.1,0,0.1,14.1,0,0,1,Batt_Sub1_35,0.71,56.4,1,1
36,Tenant1,Dispatchable Generators,DispGen_Sub1_36,0,0,0,0,0.1,0.1,0.3,0,0,0,0,0,0,34.66,0,0,1,DispGen_Sub1_36,0,0,1,1
37,Tenant1,Dispatchable Generators,DispGen_Sub1_37,0,0,0,0,0.1,0.2,0.2,0,0,0,0,0,0,29.38,0,0,1,DispGen_Sub1_37,0,0,1,1
38,Tenant1,Dispatchable Generators,DispGen_Sub1_38,0,0,0,0,1,0.5,0.5,0,0,0,0,0,0,27.91,0,0,1,DispGen_Sub1_38,0,0,1,1
39,Tenant1,Dispatchable Generators,DispGen_Sub1_39,0,0,0,0,0.5,0.5,0.5,0,0,0,0,0,0,46.71,0,0,1,DispGen_Sub1_39,0,0,1,1
40,Tenant1,Dispatchable Generators,DispGen_Sub1_40,0,0,0,0,0.7,0.4,0.3,0,0,0,0,0,0,47.59,0,0,1,DispGen_Sub1_40,0,0,1,1
41,Tenant1,Demand Response,DR_Sub2_41,1,1,1,0,-1,0,0,0,0,0,0,0,0,0,0,0,1,DR_Sub2_41,0,0,1,1
42,Tenant1,Demand Response,DR_Sub2_42,2,4,1,0,-1.1,0,0,0,0,0,0,0,0,0,0,0,1,DR_Sub2_42,0,0,1,1
43,Tenant1,Demand Response,DR_Sub2_43,1,2,5,0,-1.1,0,0,0,0,0,0,0,0,0,0,0,1,DR_Sub2_43,0,0,1,1
44,Tenant1,Demand Response,DR_Sub2_44,3,4,4,0,-1.1,0,0,0,0,0,0,0,0,0,0,0,1,DR_Sub2_44,0,0,1,1
45,Tenant1,Demand Response,DR_Sub2_45,1,2,5,0,-1.1,0,0,0,0,0,0,0,0,0,0,0,1,DR_Sub2_45,0,0,1,1
46,Tenant1,Demand Response,DR_Sub2_46,3,1,2,0,-1.1,0,0,0,0,0,0,0,0,0,0,0,1,DR_Sub2_46,0,0,1,1
47,Tenant1,Demand Response,DR_Sub2_47,3,1,2,0,-1.1,0,0,0,0,0,0,0,0,0,0,0,1,DR_Sub2_47,0,0,1,1
48,Tenant1,Demand Response,DR_Sub2_48,3,4,4,0,-1.1,0,0,0,0,0,0,0,0,0,0,0,1,DR_Sub2_48,0,0,1,1
49,Tenant1,Demand Response,DR_Sub2_49,4,4,24,0,-1.1,0,0,0,0,0,0,0,0,0,0,0,1,DR_Sub2_49,0,0,1,1
50,Tenant1,Demand Response,DR_Sub2_50,3,4,10,0,-1.1,0,0,0,0,0,0,0,0,0,0,0,1,DR_Sub2_50,0,0,1,1
51,Tenant1,Demand Response,DR_Sub2_51,3,4,4,0,-1.1,0,0,0,0,0,0,0,0,0,0,0,1,DR_Sub2_51,0,0,1,1
52,Tenant1,Demand Response,DR_Sub2_52,3,10,2,0,-1.1,0,0,0,0,0,0,0,0,0,0,0,1,DR_Sub2_52,0,0,1,1
53,Tenant1,Demand Response,DR_Sub2_53,3,10,2,0,0,0,0,0,0,0,0,0,0,0,0,0,1,DR_Sub2_53,0,0,1,1
54,Tenant1,Demand Response,DR_Sub2_54,3,5,4,0,0,0,0,0,0,0,0,0,0,0,0,0,1,DR_Sub2_54,0,0,1,1
55,Tenant1,Demand Response,DR_Sub2_55,3,4,4,0,0,0,0,0,0,0,0,0,0,0,0,0,1,DR_Sub2_55,0,0,1,1
56,Tenant1,Self Scheduled Generators,SSGen_Sub2_56,0,0,0,0,0,0,0,0,0,0,0,0,0,1500,0,0,1,SSGen_Sub2_56,0,0,1,1
57,Tenant1,Self Scheduled Generators,SSGen_Sub2_57,0,0,0,0,0,0,0,0,0,0,0,0,0,1500,0,0,1,SSGen_Sub2_57,0,0,1,1
58,Tenant1,Self Scheduled Generators,SSGen_Sub2_58,0,0,0,0,0,0,0,0,0,0,0,0,0,1500,0,0,1,SSGen_Sub2_58,0,0,1,1
59,Tenant1,Self Scheduled Generators,SSGen_Sub2_59,0,0,0,0,0,0,0,0,0,0,0,0,0,1500,0,0,1,SSGen_Sub2_59,0,0,1,1
60,Tenant1,Self Scheduled Generators,SSGen_Sub2_60,0,0,0,0,0,0,0,0,0,0,0,0,0,1500,0,0,1,SSGen_Sub2_60,0,0,1,1
61,Tenant1,Self Scheduled Generators,SSGen_Sub2_61,0,0,0,0,0,0,0,0,0,0,0,0,0,1500,0,0,1,SSGen_Sub2_61,0,0,1,1
62,Tenant1,Self Scheduled Generators,SSGen_Sub2_62,0,0,0,0,0,0,0,0,0,0,0,0,0,1500,0,0,1,SSGen_Sub2_62,0,0,1,1
63,Tenant1,Self Scheduled Generators,SSGen_Sub2_63,0,0,0,0,0,0,0,0,0,0,0,0,0,1500,0,0,1,SSGen_Sub2_63,0,0,1,1
64,Tenant1,Self Scheduled Generators,SSGen_Sub2_64,0,0,0,0,0,0,0,0,0,0,0,0,0,1500,0,0,1,SSGen_Sub2_64,0,0,1,1
65,Tenant1,Self Scheduled Generators,SSGen_Sub2_65,0,0,0,0,0,0,0,0,0,0,0,0,0,1500,0,0,1,SSGen_Sub2_65,0,0,1,1
66,Tenant1,Batteries,Batt_Sub2_66,0,0,0,0,0,0,0,0,0.025,0,0.025,0,0.025,6.7,0,0,1,Batt_Sub2_66,0.74,6.7,1,1
67,Tenant1,Batteries,Batt_Sub2_67,0,0,0,0,0,0,0,0,0.25,0,0.25,0,0.25,6.33,0,0,1,Batt_Sub2_67,0.76,6.33,1,1
68,Tenant1,Batteries,Batt_Sub2_68,0,0,0,0,0,0,0,0,0.025,0,0.025,0,0.025,6.92,0,0,1,Batt_Sub2_68,0.72,6.92,1,1
69,Tenant1,Batteries,Batt_Sub2_69,0,0,0,0,0,0,0,0,0.5,0,0.5,0,0.5,6.22,0,0,1,Batt_Sub2_69,0.71,7.53,1,1
70,Tenant1,Batteries,Batt_Sub2_70,0,0,0,0,0,0,0,0,0.025,0,0.025,0,0.025,5.4,0,0,1,Batt_Sub2_70,0.8,7.77,1,1
71,Tenant1,Batteries,Batt_Sub2_71,0,0,0,0,0,0,0,0,0.25,0,0.25,0,0.25,4.13,0,0,1,Batt_Sub2_71,0.76,6.98,1,1
72,Tenant1,Batteries,Batt_Sub2_72,0,0,0,0,0,0,0,0,0.25,0,0.25,0,0.25,3.73,0,0,1,Batt_Sub2_72,0.78,7.32,1,1
73,Tenant1,Batteries,Batt_Sub2_73,0,0,0,0,0,0,0,0,0.1,0,0.1,0,0.1,5.84,0,0,1,Batt_Sub2_73,0.8,13.14,1,1
74,Tenant1,Batteries,Batt_Sub2_74,0,0,0,0,0,0,0,0,0.125,0,0.125,0,0.125,7.27,0,0,1,Batt_Sub2_74,0.73,18.62,1,1
75,Tenant1,Batteries,Batt_Sub2_75,0,0,0,0,0,0,0,0,0.1,0,0.1,0,0.1,4.38,0,0,1,Batt_Sub2_75,0.78,17.52,1,1
76,Tenant1,Dispatchable Generators,DispGen_Sub2_76,0,0,0,0,0.1,0.1,0.3,0,0,0,0,0,0,9.65,0,0,1,DispGen_Sub2_76,0,0,1,1
77,Tenant1,Dispatchable Generators,DispGen_Sub2_77,0,0,0,0,0.1,0.2,0.2,0,0,0,0,0,0,7.22,0,0,1,DispGen_Sub2_77,0,0,1,1
78,Tenant1,Dispatchable Generators,DispGen_Sub2_78,0,0,0,0,1,0.5,0.5,0,0,0,0,0,0,6.99,0,0,1,DispGen_Sub2_78,0,0,1,1
79,Tenant1,Dispatchable Generators,DispGen_Sub2_79,0,0,0,0,0.5,0.5,0.5,0,0,0,0,0,0,11.93,0,0,1,DispGen_Sub2_79,0,0,1,1
80,Tenant1,Dispatchable Generators,DispGen_Sub2_80,0,0,0,0,0.7,0.4,0.3,0,0,0,0,0,0,11.64,0,0,1,DispGen_Sub2_80,0,0,1,1
81,Tenant1,Demand Response,DR_Sub3_81,1,1,1,0,0,0,0,0,0,0,0,0,0,0,0,0,1,DR_Sub3_81,0,0,1,1
82,Tenant1,Demand Response,DR_Sub3_82,2,4,1,0,0,0,0,0,0,0,0,0,0,0,0,0,1,DR_Sub3_82,0,0,1,1
83,Tenant1,Demand Response,DR_Sub3_83,1,2,5,0,0,0,0,0,0,0,0,0,0,0,0,0,1,DR_Sub3_83,0,0,1,1
84,Tenant1,Demand Response,DR_Sub3_84,3,4,4,0,0,0,0,0,0,0,0,0,0,0,0,0,1,DR_Sub3_84,0,0,1,1
85,Tenant1,Demand Response,DR_Sub3_85,1,2,5,0,0,0,0,0,0,0,0,0,0,0,0,0,1,DR_Sub3_85,0,0,1,1
86,Tenant1,Demand Response,DR_Sub3_86,3,1,2,0,0,0,0,0,0,0,0,0,0,0,0,0,1,DR_Sub3_86,0,0,1,1
87,Tenant1,Demand Response,DR_Sub3_87,3,1,2,0,0,0,0,0,0,0,0,0,0,0,0,0,1,DR_Sub3_87,0,0,1,1
88,Tenant1,Demand Response,DR_Sub3_88,3,4,4,0,0,0,0,0,0,0,0,0,0,0,0,0,1,DR_Sub3_88,0,0,1,1
89,Tenant1,Demand Response,DR_Sub3_89,4,4,24,0,0,0,0,0,0,0,0,0,0,0,0,0,1,DR_Sub3_89,0,0,1,1
90,Tenant1,Demand Response,DR_Sub3_90,3,4,10,0,0,0,0,0,0,0,0,0,0,0,0,0,1,DR_Sub3_90,0,0,1,1
91,Tenant1,Demand Response,DR_Sub3_91,3,4,4,0,0,0,0,0,0,0,0,0,0,0,0,0,1,DR_Sub3_91,0,0,1,1
92,Tenant1,Demand Response,DR_Sub3_92,3,10,2,0,0,0,0,0,0,0,0,0,0,0,0,0,1,DR_Sub3_92,0,0,1,1
93,Tenant1,Demand Response,DR_Sub3_93,3,10,2,0,0,0,0,0,0,0,0,0,0,0,0,0,1,DR_Sub3_93,0,0,1,1
94,Tenant1,Demand Response,DR_Sub3_94,3,5,4,0,0,0,0,0,0,0,0,0,0,0,0,0,1,DR_Sub3_94,0,0,1,1
95,Tenant1,Demand Response,DR_Sub3_95,3,4,4,0,0,0,0,0,0,0,0,0,0,0,0,0,1,DR_Sub3_95,0,0,1,1
96,Tenant1,Self Scheduled Generators,SSGen_Sub3_96,0,0,0,0,0,0,0,0,0,0,0,0,0,1500,0,0,1,SSGen_Sub3_96,0,0,1,1
97,Tenant1,Self Scheduled Generators,SSGen_Sub3_97,0,0,0,0,0,0,0,0,0,0,0,0,0,1500,0,0,1,SSGen_Sub3_97,0,0,1,1
98,Tenant1,Self Scheduled Generators,SSGen_Sub3_98,0,0,0,0,0,0,0,0,0,0,0,0,0,1500,0,0,1,SSGen_Sub3_98,0,0,1,1
99,Tenant1,Self Scheduled Generators,SSGen_Sub3_99,0,0,0,0,0,0,0,0,0,0,0,0,0,1500,0,0,1,SSGen_Sub3_99,0,0,1,1
100,Tenant1,Self Scheduled Generators,SSGen_Sub3_100,0,0,0,0,0,0,0,0,0,0,0,0,0,1500,0,0,1,SSGen_Sub3_100,0,0,1,1
101,Tenant1,Self Scheduled Generators,SSGen_Sub3_101,0,0,0,0,0,0,0,0,0,0,0,0,0,1500,0,0,1,SSGen_Sub3_101,0,0,1,1
102,Tenant1,Self Scheduled Generators,SSGen_Sub3_102,0,0,0,0,0,0,0,0,0,0,0,0,0,1500,0,0,1,SSGen_Sub3_102,0,0,1,1
103,Tenant1,Self Scheduled Generators,SSGen_Sub3_103,0,0,0,0,0,0,0,0,0,0,0,0,0,1500,0,0,1,SSGen_Sub3_103,0,0,1,1
104,Tenant1,Self Scheduled Generators,SSGen_Sub3_104,0,0,0,0,0,0,0,0,0,0,0,0,0,1500,0,0,1,SSGen_Sub3_104,0,0,1,1
105,Tenant1,Self Scheduled Generators,SSGen_Sub3_105,0,0,0,0,0,0,0,0,0,0,0,0,0,1500,0,0,1,SSGen_Sub3_105,0,0,1,1
106,Tenant1,Batteries,Batt_Sub3_106,0,0,0,0,0,0,0,0,0.025,0,0.025,0,0.025,35.61,0,0,1,Batt_Sub3_106,0.7,35.61,1,1
107,Tenant1,Batteries,Batt_Sub3_107,0,0,0,0,0,0,0,0,0.25,0,0.25,0,0.25,25.96,0,0,1,Batt_Sub3_107,0.73,25.96,1,1
108,Tenant1,Batteries,Batt_Sub3_108,0,0,0,0,0,0,0,0,0.025,0,0.025,0,0.025,34.86,0,0,1,Batt_Sub3_108,0.73,34.86,1,1
109,Tenant1,Batteries,Batt_Sub3_109,0,0,0,0,0,0,0,0,0.5,0,0.5,0,0.5,29,0,0,1,Batt_Sub3_109,0.7,35.09,1,1
110,Tenant1,Batteries,Batt_Sub3_110,0,0,0,0,0,0,0,0,0.025,0,0.025,0,0.025,27.2,0,0,1,Batt_Sub3_110,0.72,39.16,1,1
111,Tenant1,Batteries,Batt_Sub3_111,0,0,0,0,0,0,0,0,0.25,0,0.25,0,0.25,27.67,0,0,1,Batt_Sub3_111,0.74,46.77,1,1
112,Tenant1,Batteries,Batt_Sub3_112,0,0,0,0,0,0,0,0,0.25,0,0.25,0,0.25,32.58,0,0,1,Batt_Sub3_112,0.71,63.86,1,1
113,Tenant1,Batteries,Batt_Sub3_113,0,0,0,0,0,0,0,0,0.1,0,0.1,0,0.1,26.21,0,0,1,Batt_Sub3_113,0.77,58.98,1,1
114,Tenant1,Batteries,Batt_Sub3_114,0,0,0,0,0,0,0,0,0.125,0,0.125,0,0.125,22.71,0,0,1,Batt_Sub3_114,0.71,58.16,1,1
115,Tenant1,Batteries,Batt_Sub3_115,0,0,0,0,0,0,0,0,0.1,0,0.1,0,0.1,19.84,0,0,1,Batt_Sub3_115,0.75,79.38,1,1
116,Tenant1,Dispatchable Generators,DispGen_Sub3_116,0,0,0,0,0.1,0.1,0.3,0,0,0,0,0,0,47.85,0,0,1,DispGen_Sub3_116,0,0,1,1
117,Tenant1,Dispatchable Generators,DispGen_Sub3_117,0,0,0,0,0.1,0.2,0.2,0,0,0,0,0,0,35.24,0,0,1,DispGen_Sub3_117,0,0,1,1
118,Tenant1,Dispatchable Generators,DispGen_Sub3_118,0,0,0,0,1,0.5,0.5,0,0,0,0,0,0,35.24,0,0,1,DispGen_Sub3_118,0,0,1,1
119,Tenant1,Dispatchable Generators,DispGen_Sub3_119,0,0,0,0,0.5,0.5,0.5,0,0,0,0,0,0,58.98,0,0,1,DispGen_Sub3_119,0,0,1,1
120,Tenant1,Dispatchable Generators,DispGen_Sub3_120,0,0,0,0,0.7,0.4,0.3,0,0,0,0,0,0,66.77,0,0,1,DispGen_Sub3_120,0,0,1,1
