ResourceMappingId,ResourceProfileId,SubStationId,ResourceType,ResourceName,DisplayName,Longitude,Latitude
,1,1,Demand Response,DR_Sub1_1,DR_Sub1_1,0,0
,2,1,Demand Response,DR_Sub1_2,DR_Sub1_2,0,0
,3,1,Demand Response,DR_Sub1_3,DR_Sub1_3,0,0
,4,1,Demand Response,DR_Sub1_4,DR_Sub1_4,0,0
,5,1,Demand Response,DR_Sub1_5,DR_Sub1_5,0,0
,6,1,Demand Response,DR_Sub1_6,DR_Sub1_6,0,0
,7,1,Demand Response,DR_Sub1_7,DR_Sub1_7,0,0
,8,1,Demand Response,DR_Sub1_8,DR_Sub1_8,0,0
,9,1,Demand Response,DR_Sub1_9,DR_Sub1_9,0,0
,10,1,Demand Response,DR_Sub1_10,DR_Sub1_10,0,0
,11,1,Demand Response,DR_Sub1_11,DR_Sub1_11,0,0
,12,1,Demand Response,DR_Sub1_12,DR_Sub1_12,0,0
,13,1,Demand Response,DR_Sub1_13,DR_Sub1_13,0,0
,14,1,Demand Response,DR_Sub1_14,DR_Sub1_14,0,0
,15,1,Demand Response,DR_Sub1_15,DR_Sub1_15,0,0
,16,1,Self Scheduled Generators,SSGen_Sub1_16,SSGen_Sub1_16,0,0
,17,1,Self Scheduled Generators,SSGen_Sub1_17,SSGen_Sub1_17,0,0
,18,1,Self Scheduled Generators,SSGen_Sub1_18,SSGen_Sub1_18,0,0
,19,1,Self Scheduled Generators,SSGen_Sub1_19,SSGen_Sub1_19,0,0
,20,1,Self Scheduled Generators,SSGen_Sub1_20,SSGen_Sub1_20,0,0
,21,1,Self Scheduled Generators,SSGen_Sub1_21,SSGen_Sub1_21,0,0
,22,1,Self Scheduled Generators,SSGen_Sub1_22,SSGen_Sub1_22,0,0
,23,1,Self Scheduled Generators,SSGen_Sub1_23,SSGen_Sub1_23,0,0
,24,1,Self Scheduled Generators,SSGen_Sub1_24,SSGen_Sub1_24,0,0
,25,1,Self Scheduled Generators,SSGen_Sub1_25,SSGen_Sub1_25,0,0
,26,1,Batteries,Batt_Sub1_26,Batt_Sub1_26,0,0
,27,1,Batteries,Batt_Sub1_27,Batt_Sub1_27,0,0
,28,1,Batteries,Batt_Sub1_28,Batt_Sub1_28,0,0
,29,1,Batteries,Batt_Sub1_29,Batt_Sub1_29,0,0
,30,1,Batteries,Batt_Sub1_30,Batt_Sub1_30,0,0
,31,1,Batteries,Batt_Sub1_31,Batt_Sub1_31,0,0
,32,1,Batteries,Batt_Sub1_32,Batt_Sub1_32,0,0
,33,1,Batteries,Batt_Sub1_33,Batt_Sub1_33,0,0
,34,1,Batteries,Batt_Sub1_34,Batt_Sub1_34,0,0
,35,1,Batteries,Batt_Sub1_35,Batt_Sub1_35,0,0
,36,1,Dispatchable Generators,DispGen_Sub1_36,DispGen_Sub1_36,0,0
,37,1,Dispatchable Generators,DispGen_Sub1_37,DispGen_Sub1_37,0,0
,38,1,Dispatchable Generators,DispGen_Sub1_38,DispGen_Sub1_38,0,0
,39,1,Dispatchable Generators,DispGen_Sub1_39,DispGen_Sub1_39,0,0
,40,1,Dispatchable Generators,DispGen_Sub1_40,DispGen_Sub1_40,0,0
,41,2,Demand Response,DR_Sub2_41,DR_Sub2_41,0,0
,42,2,Demand Response,DR_Sub2_42,DR_Sub2_42,0,0
,43,2,Demand Response,DR_Sub2_43,DR_Sub2_43,0,0
,44,2,Demand Response,DR_Sub2_44,DR_Sub2_44,0,0
,45,2,Demand Response,DR_Sub2_45,DR_Sub2_45,0,0
,46,2,Demand Response,DR_Sub2_46,DR_Sub2_46,0,0
,47,2,Demand Response,DR_Sub2_47,DR_Sub2_47,0,0
,48,2,Demand Response,DR_Sub2_48,DR_Sub2_48,0,0
,49,2,Demand Response,DR_Sub2_49,DR_Sub2_49,0,0
,50,2,Demand Response,DR_Sub2_50,DR_Sub2_50,0,0
,51,2,Demand Response,DR_Sub2_51,DR_Sub2_51,0,0
,52,2,Demand Response,DR_Sub2_52,DR_Sub2_52,0,0
,53,2,Demand Response,DR_Sub2_53,DR_Sub2_53,0,0
,54,2,Demand Response,DR_Sub2_54,DR_Sub2_54,0,0
,55,2,Demand Response,DR_Sub2_55,DR_Sub2_55,0,0
,56,2,Self Scheduled Generators,SSGen_Sub2_56,SSGen_Sub2_56,0,0
,57,2,Self Scheduled Generators,SSGen_Sub2_57,SSGen_Sub2_57,0,0
,58,2,Self Scheduled Generators,SSGen_Sub2_58,SSGen_Sub2_58,0,0
,59,2,Self Scheduled Generators,SSGen_Sub2_59,SSGen_Sub2_59,0,0
,60,2,Self Scheduled Generators,SSGen_Sub2_60,SSGen_Sub2_60,0,0
,61,2,Self Scheduled Generators,SSGen_Sub2_61,SSGen_Sub2_61,0,0
,62,2,Self Scheduled Generators,SSGen_Sub2_62,SSGen_Sub2_62,0,0
,63,2,Self Scheduled Generators,SSGen_Sub2_63,SSGen_Sub2_63,0,0
,64,2,Self Scheduled Generators,SSGen_Sub2_64,SSGen_Sub2_64,0,0
,65,2,Self Scheduled Generators,SSGen_Sub2_65,SSGen_Sub2_65,0,0
,66,2,Batteries,Batt_Sub2_66,Batt_Sub2_66,0,0
,67,2,Batteries,Batt_Sub2_67,Batt_Sub2_67,0,0
,68,2,Batteries,Batt_Sub2_68,Batt_Sub2_68,0,0
,69,2,Batteries,Batt_Sub2_69,Batt_Sub2_69,0,0
,70,2,Batteries,Batt_Sub2_70,Batt_Sub2_70,0,0
,71,2,Batteries,Batt_Sub2_71,Batt_Sub2_71,0,0
,72,2,Batteries,Batt_Sub2_72,Batt_Sub2_72,0,0
,73,2,Batteries,Batt_Sub2_73,Batt_Sub2_73,0,0
,74,2,Batteries,Batt_Sub2_74,Batt_Sub2_74,0,0
,75,2,Batteries,Batt_Sub2_75,Batt_Sub2_75,0,0
,76,2,Dispatchable Generators,DispGen_Sub2_76,DispGen_Sub2_76,0,0
,77,2,Dispatchable Generators,DispGen_Sub2_77,DispGen_Sub2_77,0,0
,78,2,Dispatchable Generators,DispGen_Sub2_78,DispGen_Sub2_78,0,0
,79,2,Dispatchable Generators,DispGen_Sub2_79,DispGen_Sub2_79,0,0
,80,2,Dispatchable Generators,DispGen_Sub2_80,DispGen_Sub2_80,0,0
,81,3,Demand Response,DR_Sub3_81,DR_Sub3_81,0,0
,82,3,Demand Response,DR_Sub3_82,DR_Sub3_82,0,0
,83,3,Demand Response,DR_Sub3_83,DR_Sub3_83,0,0
,84,3,Demand Response,DR_Sub3_84,DR_Sub3_84,0,0
,85,3,Demand Response,DR_Sub3_85,DR_Sub3_85,0,0
,86,3,Demand Response,DR_Sub3_86,DR_Sub3_86,0,0
,87,3,Demand Response,DR_Sub3_87,DR_Sub3_87,0,0
,88,3,Demand Response,DR_Sub3_88,DR_Sub3_88,0,0
,89,3,Demand Response,DR_Sub3_89,DR_Sub3_89,0,0
,90,3,Demand Response,DR_Sub3_90,DR_Sub3_90,0,0
,91,3,Demand Response,DR_Sub3_91,DR_Sub3_91,0,0
,92,3,Demand Response,DR_Sub3_92,DR_Sub3_92,0,0
,93,3,Demand Response,DR_Sub3_93,DR_Sub3_93,0,0
,94,3,Demand Response,DR_Sub3_94,DR_Sub3_94,0,0
,95,3,Demand Response,DR_Sub3_95,DR_Sub3_95,0,0
,96,3,Self Scheduled Generators,SSGen_Sub3_96,SSGen_Sub3_96,0,0
,97,3,Self Scheduled Generators,SSGen_Sub3_97,SSGen_Sub3_97,0,0
,98,3,Self Scheduled Generators,SSGen_Sub3_98,SSGen_Sub3_98,0,0
,99,3,Self Scheduled Generators,SSGen_Sub3_99,SSGen_Sub3_99,0,0
,100,3,Self Scheduled Generators,SSGen_Sub3_100,SSGen_Sub3_100,0,0
,101,3,Self Scheduled Generators,SSGen_Sub3_101,SSGen_Sub3_101,0,0
,102,3,Self Scheduled Generators,SSGen_Sub3_102,SSGen_Sub3_102,0,0
,103,3,Self Scheduled Generators,SSGen_Sub3_103,SSGen_Sub3_103,0,0
,104,3,Self Scheduled Generators,SSGen_Sub3_104,SSGen_Sub3_104,0,0
,105,3,Self Scheduled Generators,SSGen_Sub3_105,SSGen_Sub3_105,0,0
,106,3,Batteries,Batt_Sub3_106,Batt_Sub3_106,0,0
,107,3,Batteries,Batt_Sub3_107,Batt_Sub3_107,0,0
,108,3,Batteries,Batt_Sub3_108,Batt_Sub3_108,0,0
,109,3,Batteries,Batt_Sub3_109,Batt_Sub3_109,0,0
,110,3,Batteries,Batt_Sub3_110,Batt_Sub3_110,0,0
,111,3,Batteries,Batt_Sub3_111,Batt_Sub3_111,0,0
,112,3,Batteries,Batt_Sub3_112,Batt_Sub3_112,0,0
,113,3,Batteries,Batt_Sub3_113,Batt_Sub3_113,0,0
,114,3,Batteries,Batt_Sub3_114,Batt_Sub3_114,0,0
,115,3,Batteries,Batt_Sub3_115,Batt_Sub3_115,0,0
,116,3,Dispatchable Generators,DispGen_Sub3_116,DispGen_Sub3_116,0,0
,117,3,Dispatchable Generators,DispGen_Sub3_117,DispGen_Sub3_117,0,0
,118,3,Dispatchable Generators,DispGen_Sub3_118,DispGen_Sub3_118,0,0
,119,3,Dispatchable Generators,DispGen_Sub3_119,DispGen_Sub3_119,0,0
,120,3,Dispatchable Generators,DispGen_Sub3_120,DispGen_Sub3_120,0,0
